case,n,d,causal,scale_q_q88,scale_k_q88,scale_v_q88,visible_scores,saturated_scores,relative_l2,rmse,max_abs
canonical_N64,64,16,False,7,6,6,4096,0,0.01755046386398213,0.003145456705866575,0.010368811569487907
random_seed7_amp0.25,64,16,False,2,2,2,4096,0,0.05227815721621968,0.0022597365601015012,0.004478898459084252
random_seed7_amp1,64,16,False,7,6,7,4096,0,0.0156306144715606,0.003026435501798079,0.00940656342873572
random_seed7_amp4,64,16,False,26,24,30,4096,159,0.47850361299838756,1.6965099353924589,9.521939528889096
random_seed42_amp0.25,64,16,False,2,2,2,4096,0,0.05856691875044834,0.0023266633845238777,0.00489726395227693
random_seed42_amp1,64,16,False,7,6,6,4096,0,0.01755046386398213,0.003145456705866575,0.010368811569487907
random_seed42_amp4,64,16,False,29,25,25,4096,212,0.5389464402203311,2.014654333529836,11.279651577961346
random_seed20261003_amp0.25,64,16,False,2,2,2,4096,0,0.058323924843753025,0.002240334649403691,0.004803731275477929
random_seed20261003_amp1,64,16,False,7,7,6,4096,0,0.01607542443478079,0.002924253112625068,0.008340786373015219
random_seed20261003_amp4,64,16,False,28,30,25,4096,238,0.5537769487061383,1.9410250237875075,9.152262699367316
uniform_bias,64,16,False,256,256,256,4096,0,0.00390625,0.00390625,0.00390625
saturated_distinct,64,16,False,256,256,256,4096,4096,1.0039062500000002,127.49609374999461,127.49609374999459
signed_scales,64,16,False,-256,256,-256,4096,2048,0.9961242675781249,127.50390624999461,127.50390624999459
canonical_causal_N64,64,16,True,7,6,6,2080,0,0.010159104162772522,0.0034176655357679797,0.011919151446898923
random_seed7_amp0.25,64,16,True,2,2,2,2080,0,0.029408365652102406,0.002376973212954314,0.007029548121391643
random_seed7_amp1,64,16,True,7,6,7,2080,0,0.010521415052259299,0.0035664754386497467,0.01675203160402372
random_seed7_amp4,64,16,True,26,24,30,2080,88,0.2846619745873501,1.0215248512617232,6.415020333802444
random_seed42_amp0.25,64,16,True,2,2,2,2080,0,0.026356632481822306,0.0023730827208347923,0.007020779291837864
random_seed42_amp1,64,16,True,7,6,6,2080,0,0.010159104162772522,0.0034176655357679797,0.011919151446898923
random_seed42_amp4,64,16,True,29,25,25,2080,114,0.4049068565389905,1.529256292270206,10.984240282823
random_seed20261003_amp0.25,64,16,True,2,2,2,2080,0,0.024997252571590967,0.0023609169642733493,0.0063313805573239346
random_seed20261003_amp1,64,16,True,7,7,6,2080,0,0.010335541049831143,0.0036153668206024576,0.01395807752969147
random_seed20261003_amp4,64,16,True,28,30,25,2080,120,0.36938376562163405,1.3503098859984777,9.152262701241998
uniform_bias,64,16,True,256,256,256,2080,0,0.00390625000000001,0.00390625000000001,0.003906250000001554
saturated_distinct,64,16,True,256,256,256,2080,2080,1.0242796788987425,130.09958560728236,169.83203124998937
signed_scales,64,16,True,-256,256,-256,2080,1024,0.962949459372081,123.25753079962146,127.5039062499948
canonical_N64_d64,64,64,False,7,9,8,4096,0,0.015134518068835352,0.0029985969109806556,0.014310068919500152
random_seed7_amp0.25,64,64,False,2,2,2,4096,0,0.07615798002206035,0.00228498445279854,0.00480894133404243
random_seed7_amp1,64,64,False,7,8,8,4096,0,0.01641422970630668,0.0030908515852317076,0.011774548945808289
random_seed7_amp4,64,64,False,30,33,31,4096,1256,0.9313437409481643,3.490270222699884,14.859366546064104
random_seed42_amp0.25,64,64,False,2,2,2,4096,0,0.06371624271204786,0.002290629158101446,0.005030388637043956
random_seed42_amp1,64,64,False,7,9,8,4096,0,0.015134518068835352,0.0029985969109806556,0.014310068919500152
random_seed42_amp4,64,64,False,29,35,33,4096,1239,0.932689303458692,3.4719681200238264,13.778628710731848
random_seed20261003_amp0.25,64,64,False,2,2,2,4096,0,0.06357007159358036,0.002287912748119969,0.004690652079144798
random_seed20261003_amp1,64,64,False,8,8,7,4096,0,0.01590358074916208,0.003346776746458434,0.01674608446878001
random_seed20261003_amp4,64,64,False,32,30,27,4096,1261,0.9273879310267864,3.36697193803302,12.877292966637707
uniform_bias,64,64,False,256,256,256,4096,0,0.00390625,0.00390625,0.00390625
saturated_distinct,64,64,False,256,256,256,4096,4096,1.003906251133337,127.49605690300906,127.49605690300905
signed_scales,64,64,False,-256,256,-256,4096,2048,0.9961242664624308,127.50386940300906,127.50386940300905
canonical_causal_N64_d64,64,64,True,7,9,8,2080,0,0.010882168520899045,0.0035211498758641246,0.01887165190407103
random_seed7_amp0.25,64,64,True,2,2,2,2080,0,0.03505349046631756,0.002354366025462442,0.006354307397482162
random_seed7_amp1,64,64,True,7,8,8,2080,0,0.01049768727652223,0.0036776581725765064,0.016103590979532845
random_seed7_amp4,64,64,True,30,33,31,2080,643,0.7848342065942148,2.993101356231689,13.09093933611006
random_seed42_amp0.25,64,64,True,2,2,2,2080,0,0.04045268225689788,0.0023148051456130495,0.0061715241475482074
random_seed42_amp1,64,64,True,7,9,8,2080,0,0.010882168520899045,0.0035211498758641246,0.01887165190407103
random_seed42_amp4,64,64,True,29,35,33,2080,641,0.8102642703385907,2.9855690177830776,13.345034973593268
random_seed20261003_amp0.25,64,64,True,2,2,2,2080,0,0.029806335386691238,0.002353587784707057,0.006457695222274573
random_seed20261003_amp1,64,64,True,8,8,7,2080,0,0.010810776530991162,0.0039558741842482805,0.01908172195763147
random_seed20261003_amp4,64,64,True,32,30,27,2080,648,0.7701117094028014,2.814752060255301,12.877292990942754
uniform_bias,64,64,True,256,256,256,2080,0,0.00390625000000001,0.00390625000000001,0.003906250000001554
saturated_distinct,64,64,True,256,256,256,2080,2080,1.024279682083119,130.09954648980604,169.83195755602873
signed_scales,64,64,True,-256,256,-256,2080,1024,0.9629494463230269,123.25749589759955,127.50386940300916
