lanes,dim,causal,read_latency,core_cycles,top_start_to_done_cycles,top_perf_total_cycles
256,16,0,0,7589,7800,7801
256,16,0,20,7589,8059,8060
256,16,0,100,7589,9195,9196
256,16,1,0,5195,5406,5407
256,16,1,20,5195,5646,5647
256,16,1,100,5195,6606,6607
256,64,0,0,28337,29160,29161
256,64,0,20,28337,30187,30188
256,64,0,100,28337,35079,35080
256,64,1,0,19463,20286,20287
256,64,1,20,19463,21246,21247
256,64,1,100,19463,25086,25087
32,16,0,0,7717,7928,7929
32,16,0,20,7717,8187,8188
32,16,0,100,7717,9299,9300
32,16,1,0,5275,5486,5487
32,16,1,20,5275,5726,5727
32,16,1,100,5275,6686,6687
32,64,0,0,28465,29288,29289
32,64,0,20,28465,30315,30316
32,64,0,100,28465,35183,35184
32,64,1,0,19543,20366,20367
32,64,1,20,19543,21326,21327
32,64,1,100,19543,25166,25167
16,16,0,0,7845,8056,8057
16,16,0,20,7845,8315,8316
16,16,0,100,7845,9403,9404
16,16,1,0,5355,5566,5567
16,16,1,20,5355,5806,5807
16,16,1,100,5355,6766,6767
16,64,0,0,28593,29416,29417
16,64,0,20,28593,30443,30444
16,64,0,100,28593,35287,35288
16,64,1,0,19623,20446,20447
16,64,1,20,19623,21406,21407
16,64,1,100,19623,25246,25247
