lanes,dim,causal,latency,checkpoint,name,wait_cycles,zero_v,words,invocation,recovery_case
256,16,0,100,1,core_load_q,1411,0,1024,15_canonical_c0_reset_sweep,random_seed7_amp1
256,16,0,100,2,core_load_kv,1431,0,1024,15_canonical_c0_reset_sweep,random_seed7_amp1
256,16,0,100,3,core_qkt,1451,0,1024,15_canonical_c0_reset_sweep,random_seed7_amp1
256,16,0,100,4,core_softmax,1503,0,1024,15_canonical_c0_reset_sweep,random_seed7_amp1
256,16,0,100,5,core_pv,1540,0,1024,15_canonical_c0_reset_sweep,random_seed7_amp1
256,16,0,100,6,core_fused_update,1592,0,1024,15_canonical_c0_reset_sweep,random_seed7_amp1
256,16,0,100,7,core_check_inner,1849,0,1024,15_canonical_c0_reset_sweep,random_seed7_amp1
256,16,0,100,8,core_normalize,3245,0,1024,15_canonical_c0_reset_sweep,random_seed7_amp1
256,16,0,100,9,core_check_outer,3502,0,1024,15_canonical_c0_reset_sweep,random_seed7_amp1
256,16,0,100,10,core_done,9194,0,1024,15_canonical_c0_reset_sweep,random_seed7_amp1
256,16,0,100,11,core_prefetch_wait,3942,0,1024,15_canonical_c0_reset_sweep,random_seed7_amp1
256,16,0,100,12,scheduler_q_issue,0,0,1024,15_canonical_c0_reset_sweep,random_seed7_amp1
256,16,0,100,13,scheduler_q_wait,1,0,1024,15_canonical_c0_reset_sweep,random_seed7_amp1
256,16,0,100,14,scheduler_k_issue,938,0,1024,15_canonical_c0_reset_sweep,random_seed7_amp1
256,16,0,100,15,scheduler_k_wait,939,0,1024,15_canonical_c0_reset_sweep,random_seed7_amp1
256,16,0,100,16,scheduler_v_issue,1174,0,1024,15_canonical_c0_reset_sweep,random_seed7_amp1
256,16,0,100,17,scheduler_v_wait,1175,0,1024,15_canonical_c0_reset_sweep,random_seed7_amp1
256,16,0,100,18,scheduler_done,2826,0,1024,15_canonical_c0_reset_sweep,random_seed7_amp1
256,16,0,100,19,dma_ar,1,0,1024,15_canonical_c0_reset_sweep,random_seed7_amp1
256,16,0,100,20,dma_r_half_stripe,103,0,1024,15_canonical_c0_reset_sweep,random_seed7_amp1
256,16,0,100,21,dma_error,103,0,1024,15_canonical_c0_reset_sweep,random_seed7_amp1
256,16,0,100,22,array_clear,1453,0,1024,15_canonical_c0_reset_sweep,random_seed7_amp1
256,16,0,100,23,array_compute,1462,0,1024,15_canonical_c0_reset_sweep,random_seed7_amp1
256,16,0,100,24,array_finish,1501,0,1024,15_canonical_c0_reset_sweep,random_seed7_amp1
256,16,0,100,25,loader_issue,1417,0,1024,15_canonical_c0_reset_sweep,random_seed7_amp1
256,16,0,100,26,loader_drain,1429,0,1024,15_canonical_c0_reset_sweep,random_seed7_amp1
256,16,0,100,27,softmax_find_max,1505,0,1024,15_canonical_c0_reset_sweep,random_seed7_amp1
256,16,0,100,28,softmax_rescale,1520,0,1024,15_canonical_c0_reset_sweep,random_seed7_amp1
256,16,0,100,29,softmax_rescale_wait,1521,0,1024,15_canonical_c0_reset_sweep,random_seed7_amp1
256,16,0,100,30,softmax_accum,1522,0,1024,15_canonical_c0_reset_sweep,random_seed7_amp1
256,16,0,100,31,softmax_norm,1538,0,1024,15_canonical_c0_reset_sweep,random_seed7_amp1
256,16,0,100,32,dequant_publish,1503,0,1024,15_canonical_c0_reset_sweep,random_seed7_amp1
256,16,1,100,1,core_load_q,1411,0,1024,16_canonical_c1_reset_sweep,random_seed7_amp1
256,16,1,100,2,core_load_kv,1431,0,1024,16_canonical_c1_reset_sweep,random_seed7_amp1
256,16,1,100,3,core_qkt,1451,0,1024,16_canonical_c1_reset_sweep,random_seed7_amp1
256,16,1,100,4,core_softmax,1503,0,1024,16_canonical_c1_reset_sweep,random_seed7_amp1
256,16,1,100,5,core_pv,1540,0,1024,16_canonical_c1_reset_sweep,random_seed7_amp1
256,16,1,100,6,core_fused_update,1592,0,1024,16_canonical_c1_reset_sweep,random_seed7_amp1
256,16,1,100,7,core_check_inner,1849,0,1024,16_canonical_c1_reset_sweep,random_seed7_amp1
256,16,1,100,8,core_normalize,1853,0,1024,16_canonical_c1_reset_sweep,random_seed7_amp1
256,16,1,100,9,core_check_outer,2110,0,1024,16_canonical_c1_reset_sweep,random_seed7_amp1
256,16,1,100,10,core_done,6605,0,1024,16_canonical_c1_reset_sweep,random_seed7_amp1
256,16,1,100,11,core_prefetch_wait,2550,0,1024,16_canonical_c1_reset_sweep,random_seed7_amp1
256,16,1,100,12,scheduler_q_issue,0,0,1024,16_canonical_c1_reset_sweep,random_seed7_amp1
256,16,1,100,13,scheduler_q_wait,1,0,1024,16_canonical_c1_reset_sweep,random_seed7_amp1
256,16,1,100,14,scheduler_k_issue,938,0,1024,16_canonical_c1_reset_sweep,random_seed7_amp1
256,16,1,100,15,scheduler_k_wait,939,0,1024,16_canonical_c1_reset_sweep,random_seed7_amp1
256,16,1,100,16,scheduler_v_issue,1174,0,1024,16_canonical_c1_reset_sweep,random_seed7_amp1
256,16,1,100,17,scheduler_v_wait,1175,0,1024,16_canonical_c1_reset_sweep,random_seed7_amp1
256,16,1,100,18,scheduler_done,2826,0,1024,16_canonical_c1_reset_sweep,random_seed7_amp1
256,16,1,100,19,dma_ar,1,0,1024,16_canonical_c1_reset_sweep,random_seed7_amp1
256,16,1,100,20,dma_r_half_stripe,103,0,1024,16_canonical_c1_reset_sweep,random_seed7_amp1
256,16,1,100,21,dma_error,103,0,1024,16_canonical_c1_reset_sweep,random_seed7_amp1
256,16,1,100,22,array_clear,1453,0,1024,16_canonical_c1_reset_sweep,random_seed7_amp1
256,16,1,100,23,array_compute,1462,0,1024,16_canonical_c1_reset_sweep,random_seed7_amp1
256,16,1,100,24,array_finish,1501,0,1024,16_canonical_c1_reset_sweep,random_seed7_amp1
256,16,1,100,25,loader_issue,1417,0,1024,16_canonical_c1_reset_sweep,random_seed7_amp1
256,16,1,100,26,loader_drain,1429,0,1024,16_canonical_c1_reset_sweep,random_seed7_amp1
256,16,1,100,27,softmax_find_max,1505,0,1024,16_canonical_c1_reset_sweep,random_seed7_amp1
256,16,1,100,28,softmax_rescale,1520,0,1024,16_canonical_c1_reset_sweep,random_seed7_amp1
256,16,1,100,29,softmax_rescale_wait,1521,0,1024,16_canonical_c1_reset_sweep,random_seed7_amp1
256,16,1,100,30,softmax_accum,1522,0,1024,16_canonical_c1_reset_sweep,random_seed7_amp1
256,16,1,100,31,softmax_norm,1538,0,1024,16_canonical_c1_reset_sweep,random_seed7_amp1
256,16,1,100,32,dequant_publish,1503,0,1024,16_canonical_c1_reset_sweep,random_seed7_amp1
256,64,0,100,1,core_load_q,5623,0,4096,15_canonical_c0_reset_sweep,random_seed7_amp1
256,64,0,100,2,core_load_kv,5691,0,4096,15_canonical_c0_reset_sweep,random_seed7_amp1
256,64,0,100,3,core_qkt,5759,0,4096,15_canonical_c0_reset_sweep,random_seed7_amp1
256,64,0,100,4,core_softmax,5964,0,4096,15_canonical_c0_reset_sweep,random_seed7_amp1
256,64,0,100,5,core_pv,6001,0,4096,15_canonical_c0_reset_sweep,random_seed7_amp1
256,64,0,100,6,core_fused_update,6053,0,4096,15_canonical_c0_reset_sweep,random_seed7_amp1
256,64,0,100,7,core_check_inner,7237,0,4096,15_canonical_c0_reset_sweep,random_seed7_amp1
256,64,0,100,8,core_normalize,12797,0,4096,15_canonical_c0_reset_sweep,random_seed7_amp1
256,64,0,100,9,core_check_outer,13825,0,4096,15_canonical_c0_reset_sweep,random_seed7_amp1
256,64,0,100,10,core_done,35078,0,4096,15_canonical_c0_reset_sweep,random_seed7_amp1
256,64,0,100,11,core_prefetch_wait,15441,0,4096,15_canonical_c0_reset_sweep,random_seed7_amp1
256,64,0,100,12,scheduler_q_issue,0,0,4096,15_canonical_c0_reset_sweep,random_seed7_amp1
256,64,0,100,13,scheduler_q_wait,1,0,4096,15_canonical_c0_reset_sweep,random_seed7_amp1
256,64,0,100,14,scheduler_k_issue,3746,0,4096,15_canonical_c0_reset_sweep,random_seed7_amp1
256,64,0,100,15,scheduler_k_wait,3747,0,4096,15_canonical_c0_reset_sweep,random_seed7_amp1
256,64,0,100,16,scheduler_v_issue,4684,0,4096,15_canonical_c0_reset_sweep,random_seed7_amp1
256,64,0,100,17,scheduler_v_wait,4685,0,4096,15_canonical_c0_reset_sweep,random_seed7_amp1
256,64,0,100,18,scheduler_done,11250,0,4096,15_canonical_c0_reset_sweep,random_seed7_amp1
256,64,0,100,19,dma_ar,1,0,4096,15_canonical_c0_reset_sweep,random_seed7_amp1
256,64,0,100,20,dma_r_half_stripe,103,0,4096,15_canonical_c0_reset_sweep,random_seed7_amp1
256,64,0,100,21,dma_error,103,0,4096,15_canonical_c0_reset_sweep,random_seed7_amp1
256,64,0,100,22,array_clear,5761,0,4096,15_canonical_c0_reset_sweep,random_seed7_amp1
256,64,0,100,23,array_compute,5770,0,4096,15_canonical_c0_reset_sweep,random_seed7_amp1
256,64,0,100,24,array_finish,5809,0,4096,15_canonical_c0_reset_sweep,random_seed7_amp1
256,64,0,100,25,loader_issue,5629,0,4096,15_canonical_c0_reset_sweep,random_seed7_amp1
256,64,0,100,26,loader_drain,5689,0,4096,15_canonical_c0_reset_sweep,random_seed7_amp1
256,64,0,100,27,softmax_find_max,5966,0,4096,15_canonical_c0_reset_sweep,random_seed7_amp1
256,64,0,100,28,softmax_rescale,5981,0,4096,15_canonical_c0_reset_sweep,random_seed7_amp1
256,64,0,100,29,softmax_rescale_wait,5982,0,4096,15_canonical_c0_reset_sweep,random_seed7_amp1
256,64,0,100,30,softmax_accum,5983,0,4096,15_canonical_c0_reset_sweep,random_seed7_amp1
256,64,0,100,31,softmax_norm,5999,0,4096,15_canonical_c0_reset_sweep,random_seed7_amp1
256,64,0,100,32,dequant_publish,5964,0,4096,15_canonical_c0_reset_sweep,random_seed7_amp1
256,64,1,100,1,core_load_q,5623,0,4096,16_canonical_c1_reset_sweep,random_seed7_amp1
256,64,1,100,2,core_load_kv,5691,0,4096,16_canonical_c1_reset_sweep,random_seed7_amp1
256,64,1,100,3,core_qkt,5759,0,4096,16_canonical_c1_reset_sweep,random_seed7_amp1
256,64,1,100,4,core_softmax,5964,0,4096,16_canonical_c1_reset_sweep,random_seed7_amp1
256,64,1,100,5,core_pv,6001,0,4096,16_canonical_c1_reset_sweep,random_seed7_amp1
256,64,1,100,6,core_fused_update,6053,0,4096,16_canonical_c1_reset_sweep,random_seed7_amp1
256,64,1,100,7,core_check_inner,7237,0,4096,16_canonical_c1_reset_sweep,random_seed7_amp1
256,64,1,100,8,core_normalize,7241,0,4096,16_canonical_c1_reset_sweep,random_seed7_amp1
256,64,1,100,9,core_check_outer,8269,0,4096,16_canonical_c1_reset_sweep,random_seed7_amp1
256,64,1,100,10,core_done,25085,0,4096,16_canonical_c1_reset_sweep,random_seed7_amp1
256,64,1,100,11,core_prefetch_wait,9885,0,4096,16_canonical_c1_reset_sweep,random_seed7_amp1
256,64,1,100,12,scheduler_q_issue,0,0,4096,16_canonical_c1_reset_sweep,random_seed7_amp1
256,64,1,100,13,scheduler_q_wait,1,0,4096,16_canonical_c1_reset_sweep,random_seed7_amp1
256,64,1,100,14,scheduler_k_issue,3746,0,4096,16_canonical_c1_reset_sweep,random_seed7_amp1
256,64,1,100,15,scheduler_k_wait,3747,0,4096,16_canonical_c1_reset_sweep,random_seed7_amp1
256,64,1,100,16,scheduler_v_issue,4684,0,4096,16_canonical_c1_reset_sweep,random_seed7_amp1
256,64,1,100,17,scheduler_v_wait,4685,0,4096,16_canonical_c1_reset_sweep,random_seed7_amp1
256,64,1,100,18,scheduler_done,11250,0,4096,16_canonical_c1_reset_sweep,random_seed7_amp1
256,64,1,100,19,dma_ar,1,0,4096,16_canonical_c1_reset_sweep,random_seed7_amp1
256,64,1,100,20,dma_r_half_stripe,103,0,4096,16_canonical_c1_reset_sweep,random_seed7_amp1
256,64,1,100,21,dma_error,103,0,4096,16_canonical_c1_reset_sweep,random_seed7_amp1
256,64,1,100,22,array_clear,5761,0,4096,16_canonical_c1_reset_sweep,random_seed7_amp1
256,64,1,100,23,array_compute,5770,0,4096,16_canonical_c1_reset_sweep,random_seed7_amp1
256,64,1,100,24,array_finish,5809,0,4096,16_canonical_c1_reset_sweep,random_seed7_amp1
256,64,1,100,25,loader_issue,5629,0,4096,16_canonical_c1_reset_sweep,random_seed7_amp1
256,64,1,100,26,loader_drain,5689,0,4096,16_canonical_c1_reset_sweep,random_seed7_amp1
256,64,1,100,27,softmax_find_max,5966,0,4096,16_canonical_c1_reset_sweep,random_seed7_amp1
256,64,1,100,28,softmax_rescale,5981,0,4096,16_canonical_c1_reset_sweep,random_seed7_amp1
256,64,1,100,29,softmax_rescale_wait,5982,0,4096,16_canonical_c1_reset_sweep,random_seed7_amp1
256,64,1,100,30,softmax_accum,5983,0,4096,16_canonical_c1_reset_sweep,random_seed7_amp1
256,64,1,100,31,softmax_norm,5999,0,4096,16_canonical_c1_reset_sweep,random_seed7_amp1
256,64,1,100,32,dequant_publish,5964,0,4096,16_canonical_c1_reset_sweep,random_seed7_amp1
32,16,0,100,1,core_load_q,1411,0,1024,15_canonical_c0_reset_sweep,random_seed7_amp1
32,16,0,100,2,core_load_kv,1431,0,1024,15_canonical_c0_reset_sweep,random_seed7_amp1
32,16,0,100,3,core_qkt,1451,0,1024,15_canonical_c0_reset_sweep,random_seed7_amp1
32,16,0,100,4,core_softmax,1503,0,1024,15_canonical_c0_reset_sweep,random_seed7_amp1
32,16,0,100,5,core_pv,1548,0,1024,15_canonical_c0_reset_sweep,random_seed7_amp1
32,16,0,100,6,core_fused_update,1600,0,1024,15_canonical_c0_reset_sweep,random_seed7_amp1
32,16,0,100,7,core_check_inner,1857,0,1024,15_canonical_c0_reset_sweep,random_seed7_amp1
32,16,0,100,8,core_normalize,3253,0,1024,15_canonical_c0_reset_sweep,random_seed7_amp1
32,16,0,100,9,core_check_outer,3510,0,1024,15_canonical_c0_reset_sweep,random_seed7_amp1
32,16,0,100,10,core_done,9298,0,1024,15_canonical_c0_reset_sweep,random_seed7_amp1
32,16,0,100,11,core_prefetch_wait,3958,0,1024,15_canonical_c0_reset_sweep,random_seed7_amp1
32,16,0,100,12,scheduler_q_issue,0,0,1024,15_canonical_c0_reset_sweep,random_seed7_amp1
32,16,0,100,13,scheduler_q_wait,1,0,1024,15_canonical_c0_reset_sweep,random_seed7_amp1
32,16,0,100,14,scheduler_k_issue,938,0,1024,15_canonical_c0_reset_sweep,random_seed7_amp1
32,16,0,100,15,scheduler_k_wait,939,0,1024,15_canonical_c0_reset_sweep,random_seed7_amp1
32,16,0,100,16,scheduler_v_issue,1174,0,1024,15_canonical_c0_reset_sweep,random_seed7_amp1
32,16,0,100,17,scheduler_v_wait,1175,0,1024,15_canonical_c0_reset_sweep,random_seed7_amp1
32,16,0,100,18,scheduler_done,2826,0,1024,15_canonical_c0_reset_sweep,random_seed7_amp1
32,16,0,100,19,dma_ar,1,0,1024,15_canonical_c0_reset_sweep,random_seed7_amp1
32,16,0,100,20,dma_r_half_stripe,103,0,1024,15_canonical_c0_reset_sweep,random_seed7_amp1
32,16,0,100,21,dma_error,103,0,1024,15_canonical_c0_reset_sweep,random_seed7_amp1
32,16,0,100,22,array_clear,1453,0,1024,15_canonical_c0_reset_sweep,random_seed7_amp1
32,16,0,100,23,array_compute,1462,0,1024,15_canonical_c0_reset_sweep,random_seed7_amp1
32,16,0,100,24,array_finish,1501,0,1024,15_canonical_c0_reset_sweep,random_seed7_amp1
32,16,0,100,25,loader_issue,1417,0,1024,15_canonical_c0_reset_sweep,random_seed7_amp1
32,16,0,100,26,loader_drain,1429,0,1024,15_canonical_c0_reset_sweep,random_seed7_amp1
32,16,0,100,27,softmax_find_max,1513,0,1024,15_canonical_c0_reset_sweep,random_seed7_amp1
32,16,0,100,28,softmax_rescale,1528,0,1024,15_canonical_c0_reset_sweep,random_seed7_amp1
32,16,0,100,29,softmax_rescale_wait,1529,0,1024,15_canonical_c0_reset_sweep,random_seed7_amp1
32,16,0,100,30,softmax_accum,1530,0,1024,15_canonical_c0_reset_sweep,random_seed7_amp1
32,16,0,100,31,softmax_norm,1546,0,1024,15_canonical_c0_reset_sweep,random_seed7_amp1
32,16,0,100,32,dequant_publish,1512,0,1024,15_canonical_c0_reset_sweep,random_seed7_amp1
32,16,0,100,33,shared_dequant_mid_issue,1507,0,1024,15_canonical_c0_reset_sweep,random_seed7_amp1
32,16,0,100,34,shared_dequant_retire_tail,1511,0,1024,15_canonical_c0_reset_sweep,random_seed7_amp1
32,16,1,100,1,core_load_q,1411,0,1024,16_canonical_c1_reset_sweep,random_seed7_amp1
32,16,1,100,2,core_load_kv,1431,0,1024,16_canonical_c1_reset_sweep,random_seed7_amp1
32,16,1,100,3,core_qkt,1451,0,1024,16_canonical_c1_reset_sweep,random_seed7_amp1
32,16,1,100,4,core_softmax,1503,0,1024,16_canonical_c1_reset_sweep,random_seed7_amp1
32,16,1,100,5,core_pv,1548,0,1024,16_canonical_c1_reset_sweep,random_seed7_amp1
32,16,1,100,6,core_fused_update,1600,0,1024,16_canonical_c1_reset_sweep,random_seed7_amp1
32,16,1,100,7,core_check_inner,1857,0,1024,16_canonical_c1_reset_sweep,random_seed7_amp1
32,16,1,100,8,core_normalize,1861,0,1024,16_canonical_c1_reset_sweep,random_seed7_amp1
32,16,1,100,9,core_check_outer,2118,0,1024,16_canonical_c1_reset_sweep,random_seed7_amp1
32,16,1,100,10,core_done,6685,0,1024,16_canonical_c1_reset_sweep,random_seed7_amp1
32,16,1,100,11,core_prefetch_wait,2566,0,1024,16_canonical_c1_reset_sweep,random_seed7_amp1
32,16,1,100,12,scheduler_q_issue,0,0,1024,16_canonical_c1_reset_sweep,random_seed7_amp1
32,16,1,100,13,scheduler_q_wait,1,0,1024,16_canonical_c1_reset_sweep,random_seed7_amp1
32,16,1,100,14,scheduler_k_issue,938,0,1024,16_canonical_c1_reset_sweep,random_seed7_amp1
32,16,1,100,15,scheduler_k_wait,939,0,1024,16_canonical_c1_reset_sweep,random_seed7_amp1
32,16,1,100,16,scheduler_v_issue,1174,0,1024,16_canonical_c1_reset_sweep,random_seed7_amp1
32,16,1,100,17,scheduler_v_wait,1175,0,1024,16_canonical_c1_reset_sweep,random_seed7_amp1
32,16,1,100,18,scheduler_done,2826,0,1024,16_canonical_c1_reset_sweep,random_seed7_amp1
32,16,1,100,19,dma_ar,1,0,1024,16_canonical_c1_reset_sweep,random_seed7_amp1
32,16,1,100,20,dma_r_half_stripe,103,0,1024,16_canonical_c1_reset_sweep,random_seed7_amp1
32,16,1,100,21,dma_error,103,0,1024,16_canonical_c1_reset_sweep,random_seed7_amp1
32,16,1,100,22,array_clear,1453,0,1024,16_canonical_c1_reset_sweep,random_seed7_amp1
32,16,1,100,23,array_compute,1462,0,1024,16_canonical_c1_reset_sweep,random_seed7_amp1
32,16,1,100,24,array_finish,1501,0,1024,16_canonical_c1_reset_sweep,random_seed7_amp1
32,16,1,100,25,loader_issue,1417,0,1024,16_canonical_c1_reset_sweep,random_seed7_amp1
32,16,1,100,26,loader_drain,1429,0,1024,16_canonical_c1_reset_sweep,random_seed7_amp1
32,16,1,100,27,softmax_find_max,1513,0,1024,16_canonical_c1_reset_sweep,random_seed7_amp1
32,16,1,100,28,softmax_rescale,1528,0,1024,16_canonical_c1_reset_sweep,random_seed7_amp1
32,16,1,100,29,softmax_rescale_wait,1529,0,1024,16_canonical_c1_reset_sweep,random_seed7_amp1
32,16,1,100,30,softmax_accum,1530,0,1024,16_canonical_c1_reset_sweep,random_seed7_amp1
32,16,1,100,31,softmax_norm,1546,0,1024,16_canonical_c1_reset_sweep,random_seed7_amp1
32,16,1,100,32,dequant_publish,1512,0,1024,16_canonical_c1_reset_sweep,random_seed7_amp1
32,16,1,100,33,shared_dequant_mid_issue,1507,0,1024,16_canonical_c1_reset_sweep,random_seed7_amp1
32,16,1,100,34,shared_dequant_retire_tail,1511,0,1024,16_canonical_c1_reset_sweep,random_seed7_amp1
32,64,0,100,1,core_load_q,5623,0,4096,15_canonical_c0_reset_sweep,random_seed7_amp1
32,64,0,100,2,core_load_kv,5691,0,4096,15_canonical_c0_reset_sweep,random_seed7_amp1
32,64,0,100,3,core_qkt,5759,0,4096,15_canonical_c0_reset_sweep,random_seed7_amp1
32,64,0,100,4,core_softmax,5964,0,4096,15_canonical_c0_reset_sweep,random_seed7_amp1
32,64,0,100,5,core_pv,6009,0,4096,15_canonical_c0_reset_sweep,random_seed7_amp1
32,64,0,100,6,core_fused_update,6061,0,4096,15_canonical_c0_reset_sweep,random_seed7_amp1
32,64,0,100,7,core_check_inner,7245,0,4096,15_canonical_c0_reset_sweep,random_seed7_amp1
32,64,0,100,8,core_normalize,12805,0,4096,15_canonical_c0_reset_sweep,random_seed7_amp1
32,64,0,100,9,core_check_outer,13833,0,4096,15_canonical_c0_reset_sweep,random_seed7_amp1
32,64,0,100,10,core_done,35182,0,4096,15_canonical_c0_reset_sweep,random_seed7_amp1
32,64,0,100,11,core_prefetch_wait,15457,0,4096,15_canonical_c0_reset_sweep,random_seed7_amp1
32,64,0,100,12,scheduler_q_issue,0,0,4096,15_canonical_c0_reset_sweep,random_seed7_amp1
32,64,0,100,13,scheduler_q_wait,1,0,4096,15_canonical_c0_reset_sweep,random_seed7_amp1
32,64,0,100,14,scheduler_k_issue,3746,0,4096,15_canonical_c0_reset_sweep,random_seed7_amp1
32,64,0,100,15,scheduler_k_wait,3747,0,4096,15_canonical_c0_reset_sweep,random_seed7_amp1
32,64,0,100,16,scheduler_v_issue,4684,0,4096,15_canonical_c0_reset_sweep,random_seed7_amp1
32,64,0,100,17,scheduler_v_wait,4685,0,4096,15_canonical_c0_reset_sweep,random_seed7_amp1
32,64,0,100,18,scheduler_done,11250,0,4096,15_canonical_c0_reset_sweep,random_seed7_amp1
32,64,0,100,19,dma_ar,1,0,4096,15_canonical_c0_reset_sweep,random_seed7_amp1
32,64,0,100,20,dma_r_half_stripe,103,0,4096,15_canonical_c0_reset_sweep,random_seed7_amp1
32,64,0,100,21,dma_error,103,0,4096,15_canonical_c0_reset_sweep,random_seed7_amp1
32,64,0,100,22,array_clear,5761,0,4096,15_canonical_c0_reset_sweep,random_seed7_amp1
32,64,0,100,23,array_compute,5770,0,4096,15_canonical_c0_reset_sweep,random_seed7_amp1
32,64,0,100,24,array_finish,5809,0,4096,15_canonical_c0_reset_sweep,random_seed7_amp1
32,64,0,100,25,loader_issue,5629,0,4096,15_canonical_c0_reset_sweep,random_seed7_amp1
32,64,0,100,26,loader_drain,5689,0,4096,15_canonical_c0_reset_sweep,random_seed7_amp1
32,64,0,100,27,softmax_find_max,5974,0,4096,15_canonical_c0_reset_sweep,random_seed7_amp1
32,64,0,100,28,softmax_rescale,5989,0,4096,15_canonical_c0_reset_sweep,random_seed7_amp1
32,64,0,100,29,softmax_rescale_wait,5990,0,4096,15_canonical_c0_reset_sweep,random_seed7_amp1
32,64,0,100,30,softmax_accum,5991,0,4096,15_canonical_c0_reset_sweep,random_seed7_amp1
32,64,0,100,31,softmax_norm,6007,0,4096,15_canonical_c0_reset_sweep,random_seed7_amp1
32,64,0,100,32,dequant_publish,5973,0,4096,15_canonical_c0_reset_sweep,random_seed7_amp1
32,64,0,100,33,shared_dequant_mid_issue,5968,0,4096,15_canonical_c0_reset_sweep,random_seed7_amp1
32,64,0,100,34,shared_dequant_retire_tail,5972,0,4096,15_canonical_c0_reset_sweep,random_seed7_amp1
32,64,1,100,1,core_load_q,5623,0,4096,16_canonical_c1_reset_sweep,random_seed7_amp1
32,64,1,100,2,core_load_kv,5691,0,4096,16_canonical_c1_reset_sweep,random_seed7_amp1
32,64,1,100,3,core_qkt,5759,0,4096,16_canonical_c1_reset_sweep,random_seed7_amp1
32,64,1,100,4,core_softmax,5964,0,4096,16_canonical_c1_reset_sweep,random_seed7_amp1
32,64,1,100,5,core_pv,6009,0,4096,16_canonical_c1_reset_sweep,random_seed7_amp1
32,64,1,100,6,core_fused_update,6061,0,4096,16_canonical_c1_reset_sweep,random_seed7_amp1
32,64,1,100,7,core_check_inner,7245,0,4096,16_canonical_c1_reset_sweep,random_seed7_amp1
32,64,1,100,8,core_normalize,7249,0,4096,16_canonical_c1_reset_sweep,random_seed7_amp1
32,64,1,100,9,core_check_outer,8277,0,4096,16_canonical_c1_reset_sweep,random_seed7_amp1
32,64,1,100,10,core_done,25165,0,4096,16_canonical_c1_reset_sweep,random_seed7_amp1
32,64,1,100,11,core_prefetch_wait,9901,0,4096,16_canonical_c1_reset_sweep,random_seed7_amp1
32,64,1,100,12,scheduler_q_issue,0,0,4096,16_canonical_c1_reset_sweep,random_seed7_amp1
32,64,1,100,13,scheduler_q_wait,1,0,4096,16_canonical_c1_reset_sweep,random_seed7_amp1
32,64,1,100,14,scheduler_k_issue,3746,0,4096,16_canonical_c1_reset_sweep,random_seed7_amp1
32,64,1,100,15,scheduler_k_wait,3747,0,4096,16_canonical_c1_reset_sweep,random_seed7_amp1
32,64,1,100,16,scheduler_v_issue,4684,0,4096,16_canonical_c1_reset_sweep,random_seed7_amp1
32,64,1,100,17,scheduler_v_wait,4685,0,4096,16_canonical_c1_reset_sweep,random_seed7_amp1
32,64,1,100,18,scheduler_done,11250,0,4096,16_canonical_c1_reset_sweep,random_seed7_amp1
32,64,1,100,19,dma_ar,1,0,4096,16_canonical_c1_reset_sweep,random_seed7_amp1
32,64,1,100,20,dma_r_half_stripe,103,0,4096,16_canonical_c1_reset_sweep,random_seed7_amp1
32,64,1,100,21,dma_error,103,0,4096,16_canonical_c1_reset_sweep,random_seed7_amp1
32,64,1,100,22,array_clear,5761,0,4096,16_canonical_c1_reset_sweep,random_seed7_amp1
32,64,1,100,23,array_compute,5770,0,4096,16_canonical_c1_reset_sweep,random_seed7_amp1
32,64,1,100,24,array_finish,5809,0,4096,16_canonical_c1_reset_sweep,random_seed7_amp1
32,64,1,100,25,loader_issue,5629,0,4096,16_canonical_c1_reset_sweep,random_seed7_amp1
32,64,1,100,26,loader_drain,5689,0,4096,16_canonical_c1_reset_sweep,random_seed7_amp1
32,64,1,100,27,softmax_find_max,5974,0,4096,16_canonical_c1_reset_sweep,random_seed7_amp1
32,64,1,100,28,softmax_rescale,5989,0,4096,16_canonical_c1_reset_sweep,random_seed7_amp1
32,64,1,100,29,softmax_rescale_wait,5990,0,4096,16_canonical_c1_reset_sweep,random_seed7_amp1
32,64,1,100,30,softmax_accum,5991,0,4096,16_canonical_c1_reset_sweep,random_seed7_amp1
32,64,1,100,31,softmax_norm,6007,0,4096,16_canonical_c1_reset_sweep,random_seed7_amp1
32,64,1,100,32,dequant_publish,5973,0,4096,16_canonical_c1_reset_sweep,random_seed7_amp1
32,64,1,100,33,shared_dequant_mid_issue,5968,0,4096,16_canonical_c1_reset_sweep,random_seed7_amp1
32,64,1,100,34,shared_dequant_retire_tail,5972,0,4096,16_canonical_c1_reset_sweep,random_seed7_amp1
16,16,0,100,1,core_load_q,1411,0,1024,15_canonical_c0_reset_sweep,random_seed7_amp1
16,16,0,100,2,core_load_kv,1431,0,1024,15_canonical_c0_reset_sweep,random_seed7_amp1
16,16,0,100,3,core_qkt,1451,0,1024,15_canonical_c0_reset_sweep,random_seed7_amp1
16,16,0,100,4,core_softmax,1503,0,1024,15_canonical_c0_reset_sweep,random_seed7_amp1
16,16,0,100,5,core_pv,1556,0,1024,15_canonical_c0_reset_sweep,random_seed7_amp1
16,16,0,100,6,core_fused_update,1608,0,1024,15_canonical_c0_reset_sweep,random_seed7_amp1
16,16,0,100,7,core_check_inner,1865,0,1024,15_canonical_c0_reset_sweep,random_seed7_amp1
16,16,0,100,8,core_normalize,3261,0,1024,15_canonical_c0_reset_sweep,random_seed7_amp1
16,16,0,100,9,core_check_outer,3518,0,1024,15_canonical_c0_reset_sweep,random_seed7_amp1
16,16,0,100,10,core_done,9402,0,1024,15_canonical_c0_reset_sweep,random_seed7_amp1
16,16,0,100,11,core_prefetch_wait,3974,0,1024,15_canonical_c0_reset_sweep,random_seed7_amp1
16,16,0,100,12,scheduler_q_issue,0,0,1024,15_canonical_c0_reset_sweep,random_seed7_amp1
16,16,0,100,13,scheduler_q_wait,1,0,1024,15_canonical_c0_reset_sweep,random_seed7_amp1
16,16,0,100,14,scheduler_k_issue,938,0,1024,15_canonical_c0_reset_sweep,random_seed7_amp1
16,16,0,100,15,scheduler_k_wait,939,0,1024,15_canonical_c0_reset_sweep,random_seed7_amp1
16,16,0,100,16,scheduler_v_issue,1174,0,1024,15_canonical_c0_reset_sweep,random_seed7_amp1
16,16,0,100,17,scheduler_v_wait,1175,0,1024,15_canonical_c0_reset_sweep,random_seed7_amp1
16,16,0,100,18,scheduler_done,2826,0,1024,15_canonical_c0_reset_sweep,random_seed7_amp1
16,16,0,100,19,dma_ar,1,0,1024,15_canonical_c0_reset_sweep,random_seed7_amp1
16,16,0,100,20,dma_r_half_stripe,103,0,1024,15_canonical_c0_reset_sweep,random_seed7_amp1
16,16,0,100,21,dma_error,103,0,1024,15_canonical_c0_reset_sweep,random_seed7_amp1
16,16,0,100,22,array_clear,1453,0,1024,15_canonical_c0_reset_sweep,random_seed7_amp1
16,16,0,100,23,array_compute,1462,0,1024,15_canonical_c0_reset_sweep,random_seed7_amp1
16,16,0,100,24,array_finish,1501,0,1024,15_canonical_c0_reset_sweep,random_seed7_amp1
16,16,0,100,25,loader_issue,1417,0,1024,15_canonical_c0_reset_sweep,random_seed7_amp1
16,16,0,100,26,loader_drain,1429,0,1024,15_canonical_c0_reset_sweep,random_seed7_amp1
16,16,0,100,27,softmax_find_max,1521,0,1024,15_canonical_c0_reset_sweep,random_seed7_amp1
16,16,0,100,28,softmax_rescale,1536,0,1024,15_canonical_c0_reset_sweep,random_seed7_amp1
16,16,0,100,29,softmax_rescale_wait,1537,0,1024,15_canonical_c0_reset_sweep,random_seed7_amp1
16,16,0,100,30,softmax_accum,1538,0,1024,15_canonical_c0_reset_sweep,random_seed7_amp1
16,16,0,100,31,softmax_norm,1554,0,1024,15_canonical_c0_reset_sweep,random_seed7_amp1
16,16,0,100,32,dequant_publish,1520,0,1024,15_canonical_c0_reset_sweep,random_seed7_amp1
16,16,0,100,33,shared_dequant_mid_issue,1511,0,1024,15_canonical_c0_reset_sweep,random_seed7_amp1
16,16,0,100,34,shared_dequant_retire_tail,1519,0,1024,15_canonical_c0_reset_sweep,random_seed7_amp1
16,16,1,100,1,core_load_q,1411,0,1024,16_canonical_c1_reset_sweep,random_seed7_amp1
16,16,1,100,2,core_load_kv,1431,0,1024,16_canonical_c1_reset_sweep,random_seed7_amp1
16,16,1,100,3,core_qkt,1451,0,1024,16_canonical_c1_reset_sweep,random_seed7_amp1
16,16,1,100,4,core_softmax,1503,0,1024,16_canonical_c1_reset_sweep,random_seed7_amp1
16,16,1,100,5,core_pv,1556,0,1024,16_canonical_c1_reset_sweep,random_seed7_amp1
16,16,1,100,6,core_fused_update,1608,0,1024,16_canonical_c1_reset_sweep,random_seed7_amp1
16,16,1,100,7,core_check_inner,1865,0,1024,16_canonical_c1_reset_sweep,random_seed7_amp1
16,16,1,100,8,core_normalize,1869,0,1024,16_canonical_c1_reset_sweep,random_seed7_amp1
16,16,1,100,9,core_check_outer,2126,0,1024,16_canonical_c1_reset_sweep,random_seed7_amp1
16,16,1,100,10,core_done,6765,0,1024,16_canonical_c1_reset_sweep,random_seed7_amp1
16,16,1,100,11,core_prefetch_wait,2582,0,1024,16_canonical_c1_reset_sweep,random_seed7_amp1
16,16,1,100,12,scheduler_q_issue,0,0,1024,16_canonical_c1_reset_sweep,random_seed7_amp1
16,16,1,100,13,scheduler_q_wait,1,0,1024,16_canonical_c1_reset_sweep,random_seed7_amp1
16,16,1,100,14,scheduler_k_issue,938,0,1024,16_canonical_c1_reset_sweep,random_seed7_amp1
16,16,1,100,15,scheduler_k_wait,939,0,1024,16_canonical_c1_reset_sweep,random_seed7_amp1
16,16,1,100,16,scheduler_v_issue,1174,0,1024,16_canonical_c1_reset_sweep,random_seed7_amp1
16,16,1,100,17,scheduler_v_wait,1175,0,1024,16_canonical_c1_reset_sweep,random_seed7_amp1
16,16,1,100,18,scheduler_done,2826,0,1024,16_canonical_c1_reset_sweep,random_seed7_amp1
16,16,1,100,19,dma_ar,1,0,1024,16_canonical_c1_reset_sweep,random_seed7_amp1
16,16,1,100,20,dma_r_half_stripe,103,0,1024,16_canonical_c1_reset_sweep,random_seed7_amp1
16,16,1,100,21,dma_error,103,0,1024,16_canonical_c1_reset_sweep,random_seed7_amp1
16,16,1,100,22,array_clear,1453,0,1024,16_canonical_c1_reset_sweep,random_seed7_amp1
16,16,1,100,23,array_compute,1462,0,1024,16_canonical_c1_reset_sweep,random_seed7_amp1
16,16,1,100,24,array_finish,1501,0,1024,16_canonical_c1_reset_sweep,random_seed7_amp1
16,16,1,100,25,loader_issue,1417,0,1024,16_canonical_c1_reset_sweep,random_seed7_amp1
16,16,1,100,26,loader_drain,1429,0,1024,16_canonical_c1_reset_sweep,random_seed7_amp1
16,16,1,100,27,softmax_find_max,1521,0,1024,16_canonical_c1_reset_sweep,random_seed7_amp1
16,16,1,100,28,softmax_rescale,1536,0,1024,16_canonical_c1_reset_sweep,random_seed7_amp1
16,16,1,100,29,softmax_rescale_wait,1537,0,1024,16_canonical_c1_reset_sweep,random_seed7_amp1
16,16,1,100,30,softmax_accum,1538,0,1024,16_canonical_c1_reset_sweep,random_seed7_amp1
16,16,1,100,31,softmax_norm,1554,0,1024,16_canonical_c1_reset_sweep,random_seed7_amp1
16,16,1,100,32,dequant_publish,1520,0,1024,16_canonical_c1_reset_sweep,random_seed7_amp1
16,16,1,100,33,shared_dequant_mid_issue,1511,0,1024,16_canonical_c1_reset_sweep,random_seed7_amp1
16,16,1,100,34,shared_dequant_retire_tail,1519,0,1024,16_canonical_c1_reset_sweep,random_seed7_amp1
16,64,0,100,1,core_load_q,5623,0,4096,15_canonical_c0_reset_sweep,random_seed7_amp1
16,64,0,100,2,core_load_kv,5691,0,4096,15_canonical_c0_reset_sweep,random_seed7_amp1
16,64,0,100,3,core_qkt,5759,0,4096,15_canonical_c0_reset_sweep,random_seed7_amp1
16,64,0,100,4,core_softmax,5964,0,4096,15_canonical_c0_reset_sweep,random_seed7_amp1
16,64,0,100,5,core_pv,6017,0,4096,15_canonical_c0_reset_sweep,random_seed7_amp1
16,64,0,100,6,core_fused_update,6069,0,4096,15_canonical_c0_reset_sweep,random_seed7_amp1
16,64,0,100,7,core_check_inner,7253,0,4096,15_canonical_c0_reset_sweep,random_seed7_amp1
16,64,0,100,8,core_normalize,12813,0,4096,15_canonical_c0_reset_sweep,random_seed7_amp1
16,64,0,100,9,core_check_outer,13841,0,4096,15_canonical_c0_reset_sweep,random_seed7_amp1
16,64,0,100,10,core_done,35286,0,4096,15_canonical_c0_reset_sweep,random_seed7_amp1
16,64,0,100,11,core_prefetch_wait,15473,0,4096,15_canonical_c0_reset_sweep,random_seed7_amp1
16,64,0,100,12,scheduler_q_issue,0,0,4096,15_canonical_c0_reset_sweep,random_seed7_amp1
16,64,0,100,13,scheduler_q_wait,1,0,4096,15_canonical_c0_reset_sweep,random_seed7_amp1
16,64,0,100,14,scheduler_k_issue,3746,0,4096,15_canonical_c0_reset_sweep,random_seed7_amp1
16,64,0,100,15,scheduler_k_wait,3747,0,4096,15_canonical_c0_reset_sweep,random_seed7_amp1
16,64,0,100,16,scheduler_v_issue,4684,0,4096,15_canonical_c0_reset_sweep,random_seed7_amp1
16,64,0,100,17,scheduler_v_wait,4685,0,4096,15_canonical_c0_reset_sweep,random_seed7_amp1
16,64,0,100,18,scheduler_done,11250,0,4096,15_canonical_c0_reset_sweep,random_seed7_amp1
16,64,0,100,19,dma_ar,1,0,4096,15_canonical_c0_reset_sweep,random_seed7_amp1
16,64,0,100,20,dma_r_half_stripe,103,0,4096,15_canonical_c0_reset_sweep,random_seed7_amp1
16,64,0,100,21,dma_error,103,0,4096,15_canonical_c0_reset_sweep,random_seed7_amp1
16,64,0,100,22,array_clear,5761,0,4096,15_canonical_c0_reset_sweep,random_seed7_amp1
16,64,0,100,23,array_compute,5770,0,4096,15_canonical_c0_reset_sweep,random_seed7_amp1
16,64,0,100,24,array_finish,5809,0,4096,15_canonical_c0_reset_sweep,random_seed7_amp1
16,64,0,100,25,loader_issue,5629,0,4096,15_canonical_c0_reset_sweep,random_seed7_amp1
16,64,0,100,26,loader_drain,5689,0,4096,15_canonical_c0_reset_sweep,random_seed7_amp1
16,64,0,100,27,softmax_find_max,5982,0,4096,15_canonical_c0_reset_sweep,random_seed7_amp1
16,64,0,100,28,softmax_rescale,5997,0,4096,15_canonical_c0_reset_sweep,random_seed7_amp1
16,64,0,100,29,softmax_rescale_wait,5998,0,4096,15_canonical_c0_reset_sweep,random_seed7_amp1
16,64,0,100,30,softmax_accum,5999,0,4096,15_canonical_c0_reset_sweep,random_seed7_amp1
16,64,0,100,31,softmax_norm,6015,0,4096,15_canonical_c0_reset_sweep,random_seed7_amp1
16,64,0,100,32,dequant_publish,5981,0,4096,15_canonical_c0_reset_sweep,random_seed7_amp1
16,64,0,100,33,shared_dequant_mid_issue,5972,0,4096,15_canonical_c0_reset_sweep,random_seed7_amp1
16,64,0,100,34,shared_dequant_retire_tail,5980,0,4096,15_canonical_c0_reset_sweep,random_seed7_amp1
16,64,1,100,1,core_load_q,5623,0,4096,16_canonical_c1_reset_sweep,random_seed7_amp1
16,64,1,100,2,core_load_kv,5691,0,4096,16_canonical_c1_reset_sweep,random_seed7_amp1
16,64,1,100,3,core_qkt,5759,0,4096,16_canonical_c1_reset_sweep,random_seed7_amp1
16,64,1,100,4,core_softmax,5964,0,4096,16_canonical_c1_reset_sweep,random_seed7_amp1
16,64,1,100,5,core_pv,6017,0,4096,16_canonical_c1_reset_sweep,random_seed7_amp1
16,64,1,100,6,core_fused_update,6069,0,4096,16_canonical_c1_reset_sweep,random_seed7_amp1
16,64,1,100,7,core_check_inner,7253,0,4096,16_canonical_c1_reset_sweep,random_seed7_amp1
16,64,1,100,8,core_normalize,7257,0,4096,16_canonical_c1_reset_sweep,random_seed7_amp1
16,64,1,100,9,core_check_outer,8285,0,4096,16_canonical_c1_reset_sweep,random_seed7_amp1
16,64,1,100,10,core_done,25245,0,4096,16_canonical_c1_reset_sweep,random_seed7_amp1
16,64,1,100,11,core_prefetch_wait,9917,0,4096,16_canonical_c1_reset_sweep,random_seed7_amp1
16,64,1,100,12,scheduler_q_issue,0,0,4096,16_canonical_c1_reset_sweep,random_seed7_amp1
16,64,1,100,13,scheduler_q_wait,1,0,4096,16_canonical_c1_reset_sweep,random_seed7_amp1
16,64,1,100,14,scheduler_k_issue,3746,0,4096,16_canonical_c1_reset_sweep,random_seed7_amp1
16,64,1,100,15,scheduler_k_wait,3747,0,4096,16_canonical_c1_reset_sweep,random_seed7_amp1
16,64,1,100,16,scheduler_v_issue,4684,0,4096,16_canonical_c1_reset_sweep,random_seed7_amp1
16,64,1,100,17,scheduler_v_wait,4685,0,4096,16_canonical_c1_reset_sweep,random_seed7_amp1
16,64,1,100,18,scheduler_done,11250,0,4096,16_canonical_c1_reset_sweep,random_seed7_amp1
16,64,1,100,19,dma_ar,1,0,4096,16_canonical_c1_reset_sweep,random_seed7_amp1
16,64,1,100,20,dma_r_half_stripe,103,0,4096,16_canonical_c1_reset_sweep,random_seed7_amp1
16,64,1,100,21,dma_error,103,0,4096,16_canonical_c1_reset_sweep,random_seed7_amp1
16,64,1,100,22,array_clear,5761,0,4096,16_canonical_c1_reset_sweep,random_seed7_amp1
16,64,1,100,23,array_compute,5770,0,4096,16_canonical_c1_reset_sweep,random_seed7_amp1
16,64,1,100,24,array_finish,5809,0,4096,16_canonical_c1_reset_sweep,random_seed7_amp1
16,64,1,100,25,loader_issue,5629,0,4096,16_canonical_c1_reset_sweep,random_seed7_amp1
16,64,1,100,26,loader_drain,5689,0,4096,16_canonical_c1_reset_sweep,random_seed7_amp1
16,64,1,100,27,softmax_find_max,5982,0,4096,16_canonical_c1_reset_sweep,random_seed7_amp1
16,64,1,100,28,softmax_rescale,5997,0,4096,16_canonical_c1_reset_sweep,random_seed7_amp1
16,64,1,100,29,softmax_rescale_wait,5998,0,4096,16_canonical_c1_reset_sweep,random_seed7_amp1
16,64,1,100,30,softmax_accum,5999,0,4096,16_canonical_c1_reset_sweep,random_seed7_amp1
16,64,1,100,31,softmax_norm,6015,0,4096,16_canonical_c1_reset_sweep,random_seed7_amp1
16,64,1,100,32,dequant_publish,5981,0,4096,16_canonical_c1_reset_sweep,random_seed7_amp1
16,64,1,100,33,shared_dequant_mid_issue,5972,0,4096,16_canonical_c1_reset_sweep,random_seed7_amp1
16,64,1,100,34,shared_dequant_retire_tail,5980,0,4096,16_canonical_c1_reset_sweep,random_seed7_amp1
