lanes,case,causal,primary_input_file_percent,sequential_file_percent,sequential_implied_percent,sequential_propagated_percent,nets_default_percent
256,canonical,0,100.0,54.34766317787825,40.8562935578148,4.796043264306947,2.16171761682585
256,canonical,1,100.0,54.34766317787825,40.8562935578148,4.796043264306947,2.16171761682585
256,random_seed7_amp1,0,100.0,54.34766317787825,40.8562935578148,4.796043264306947,2.16171761682585
256,saturated_distinct,0,100.0,54.34766317787825,40.8562935578148,4.796043264306947,2.16171761682585
32,canonical,0,100.0,62.3028860458197,32.936626004165426,4.760487950014877,1.9946122826733654
32,canonical,1,100.0,62.3028860458197,32.936626004165426,4.760487950014877,1.9946122826733654
32,random_seed7_amp1,0,100.0,62.3028860458197,32.936626004165426,4.760487950014877,1.9946122826733654
32,saturated_distinct,0,100.0,62.3028860458197,32.936626004165426,4.760487950014877,1.9946122826733654
16,canonical,0,100.0,62.690329988517796,32.51709849732914,4.792571514153063,1.9516175229136516
16,canonical,1,100.0,62.690329988517796,32.51709849732914,4.792571514153063,1.9516175229136516
16,random_seed7_amp1,0,100.0,62.690329988517796,32.51709849732914,4.792571514153063,1.9516175229136516
16,saturated_distinct,0,100.0,62.690329988517796,32.51709849732914,4.792571514153063,1.9516175229136516
