lanes,case,causal,tb_cycles,cycles_including_start,duration_ns,dynamic_w,leakage_w,total_w,energy_nj,power_reduction_percent,energy_reduction_percent
256,canonical,0,7800,7801,78010,0.10219724013,0.0250366386,0.127233878,9925.51482278,0.0,0.0
256,canonical,1,5406,5407,54070,0.10002116861,0.0250366386,0.125057802,6761.87535414,0.0,0.0
256,random_seed7_amp1,0,7800,7801,78010,0.1025135201,0.0250366386,0.127550155,9950.18759155,0.0,0.0
256,saturated_distinct,0,7800,7801,78010,0.09419188141,0.0250366386,0.119228519,9301.01676719,0.0,0.0
32,canonical,0,7928,7929,79290,0.09471007898,0.0106204841,0.105330564,8351.66041956,17.215001495120664,15.85665259002843
32,canonical,1,5486,5487,54870,0.09339990184,0.0106204841,0.104020387,5707.59863469,16.82215316722102,15.591484081476192
32,random_seed7_amp1,0,7928,7929,79290,0.09491304266,0.0106204841,0.105533525,8367.75319725,17.261155033484666,15.903563422702216
32,saturated_distinct,0,7928,7929,79290,0.08959619888,0.0106204841,0.100216679,7946.18047791,15.945715135487005,14.566539585857763
16,canonical,0,8056,8057,80570,0.09344827339,0.00958499219,0.103033267,8301.39032219,19.020571706538725,16.363126040197727
16,canonical,1,5566,5567,55670,0.09221073054000001,0.00958499219,0.101795726,5666.9680664200005,18.601059372529182,16.19236129588866
16,random_seed7_amp1,0,8056,8057,80570,0.09365403051,0.00958499219,0.103239022,8317.96800254,19.060057590678735,16.403907705178653
16,saturated_distinct,0,8056,8057,80570,0.08867408425,0.00958499219,0.0982590765,7916.733793605,17.587606284030088,14.883135986467167
